<?xml version='1.0' encoding='UTF-8'?>
<?artifactRepository version='1.1.0'?>
<repository name='file:/Users/rhuddleston/AnypointStudio/workspace/uber-connector/target/update-site/ - artifacts' type='org.eclipse.equinox.p2.artifact.repository.simpleRepository' version='1'>
  <properties size='2'>
    <property name='p2.timestamp' value='1408716181310'/>
    <property name='p2.compressed' value='false'/>
  </properties>
  <mappings size='3'>
    <rule filter='(&amp; (classifier=osgi.bundle))' output='${repoUrl}/plugins/${id}_${version}.jar'/>
    <rule filter='(&amp; (classifier=binary))' output='${repoUrl}/binary/${id}_${version}'/>
    <rule filter='(&amp; (classifier=org.eclipse.update.feature))' output='${repoUrl}/features/${id}_${version}.jar'/>
  </mappings>
  <artifacts size='2'>
    <artifact classifier='osgi.bundle' id='org.mule.tooling.ui.contribution.uber.3.5.0' version='1.0.0.201408221002'>
      <properties size='3'>
        <property name='artifact.size' value='211478'/>
        <property name='download.size' value='211478'/>
        <property name='download.md5' value='c5a0b437879cfd0bb26db531c57dc1b1'/>
      </properties>
    </artifact>
    <artifact classifier='org.eclipse.update.feature' id='org.mule.tooling.ui.extension.uber-connector.3.5.0' version='1.0.0.201408221002'>
      <properties size='4'>
        <property name='artifact.size' value='9854'/>
        <property name='download.size' value='9854'/>
        <property name='download.md5' value='37520494c0596336863295653731645b'/>
        <property name='download.contentType' value='application/zip'/>
      </properties>
    </artifact>
  </artifacts>
</repository>
